{"Roc|Auc": 0.7857142857142857, "Accuracy": 0.7833333333333333, "F1": 0.7796610169491526}