{"Roc|Auc": 0.8504464285714286, "Accuracy": 0.85, "F1": 0.8421052631578947}